number_assets,number_periods,xi_init,xi_term,cholesky_iterations,accelerated_iterations,block_iterations,cholesky_seconds,accelerated_seconds,block_seconds,ratio1,ratio2
442.0,2,1.0,1.2100000000000002,1867,1867,2424,1.268182349,1.252031039,0.603772048,1.0129000875352898,2.100432362181828
442.0,3,1.0,1.3310000000000004,2382,2382,2764,3.999254818,3.075338052,1.283124077,1.3004277092071697,3.116810673018023
442.0,4,1.0,1.4641000000000004,3322,3321,3738,13.040914405,9.669417173,4.170638743,1.3486763650465163,3.1268386471707417
442.0,5,1.0,1.6105100000000006,4165,4165,5014,29.256264238,23.868474279,14.832749064,1.225728293146089,1.9724101116904056
442.0,6,1.0,1.7715610000000008,4438,4438,5365,50.067912589,40.635483485,25.080025023,1.2321229697557763,1.996326261360764
442.0,7,1.0,1.9487171000000012,4349,4349,4991,71.984687233,57.442756437,33.614695696,1.2531551704338697,2.1414647892102106
442.0,8,1.0,2.1435888100000016,5657,5653,7133,119.973570052,99.140690213,66.153578827,1.2101345047552257,1.8135612944803197
